<?xml version="1.0" encoding="UTF-8"?>
<beans xmlns="http://www.springframework.org/schema/beans"
	xmlns:xsi="http://www.w3.org/2001/XMLSchema-instance" xmlns:aop="http://www.springframework.org/schema/aop"
	xmlns:context="http://www.springframework.org/schema/context"
	xmlns:jdbc="http://www.springframework.org/schema/jdbc" xmlns:tx="http://www.springframework.org/schema/tx"
	xmlns:jpa="http://www.springframework.org/schema/data/jpa"
	xsi:schemaLocation="
		http://www.springframework.org/schema/beans http://www.springframework.org/schema/beans/spring-beans-4.0.xsd
		http://www.springframework.org/schema/aop http://www.springframework.org/schema/aop/spring-aop-4.0.xsd
		http://www.springframework.org/schema/context http://www.springframework.org/schema/context/spring-context-4.0.xsd
		http://www.springframework.org/schema/jdbc http://www.springframework.org/schema/jdbc/spring-jdbc-4.0.xsd
		http://www.springframework.org/schema/tx http://www.springframework.org/schema/tx/spring-tx-4.0.xsd"
	default-lazy-init="true">

	<description>Spring公共配置</description>

	<!-- 使用annotation 自动注册bean,并检查@Required,@Autowired的属性已被注入 -->
	<context:component-scan base-package="com.risk.plan">
		<context:exclude-filter type="annotation"
			expression="org.springframework.stereotype.Controller" />
		<context:exclude-filter type="annotation"
			expression="org.springframework.web.bind.annotation.ControllerAdvice" />
	</context:component-scan>

	<!-- MyBatis配置 -->
	<bean id="sqlSessionFactory" class="org.mybatis.spring.SqlSessionFactoryBean">
		<property name="dataSource" ref="dataSource" />
		<!-- 自动扫描entity目录, 省掉Configuration.xml里的手工配置 -->
		<property name="typeAliasesPackage" value="com.risk.plan.entity" />
		<!-- 显式指定Mapper文件位置 -->
		<property name="mapperLocations" value="classpath:/mybatisMapper/*Mapper.xml" />
	</bean>
	<!-- 扫描basePackage下所有以@MyBatisRepository标识的 接口 -->
	<bean class="org.mybatis.spring.mapper.MapperScannerConfigurer">
		<property name="basePackage" value="com.risk.plan" />
		<property name="annotationClass" value="com.risk.plan.common.MyBatisRepository" />
	</bean>


	<!-- 定义aspectj -->
	<aop:aspectj-autoproxy proxy-target-class="true" />

	<!-- 事务管理器配置 -->
	<bean id="transactionManager" class="org.springframework.jdbc.datasource.DataSourceTransactionManager">
		<property name="dataSource" ref="dataSource" />
	</bean>
	<tx:advice id="txAdvice" transaction-manager="transactionManager">
		<tx:attributes>
			<tx:method name="delete*" propagation="REQUIRED" />
			<tx:method name="insert*" propagation="REQUIRED" />
			<tx:method name="update*" propagation="REQUIRED" />
			<tx:method name="is*" propagation="REQUIRED" />			
			<tx:method name="select*" propagation="REQUIRED" read-only="true" />
			<tx:method name="paged*" propagation="REQUIRED" read-only="true" />
			<tx:method name="find*" propagation="REQUIRED" read-only="true" />
			<tx:method name="*" propagation="REQUIRED" read-only="true" />
		</tx:attributes>
	</tx:advice>
	<aop:config>
		<aop:pointcut id="txPointcut" expression="execution(* com.risk.plan.service..*.*(..))" />
		<aop:advisor advice-ref="txAdvice" pointcut-ref="txPointcut" />
	</aop:config>



	<!-- production环境 -->
	<beans profile="production">
		<context:property-placeholder
			ignore-resource-not-found="true" location="classpath*:/application.properties" />

		<!-- 数据源配置,使用应用内的Tomcat JDBC连接池 -->
		<bean id="dataSource" class="org.apache.tomcat.jdbc.pool.DataSource"
			destroy-method="close">
			<!-- Connection Info -->
			<property name="driverClassName" value="${jdbc.driver}" />
			<property name="url" value="${jdbc.url}" />
			<property name="username" value="${jdbc.username}" />
			<property name="password" value="${jdbc.password}" />
			<property name="maxActive" value="${jdbc.pool.maxActive}" />
			<property name="maxIdle" value="${jdbc.pool.maxIdle}" />
			<property name="minIdle" value="0" />
			<property name="defaultAutoCommit" value="false" />
			<!-- 连接Idle10分钟后超时，每1分钟检查一次 -->
			<property name="timeBetweenEvictionRunsMillis" value="60000" />
			<property name="minEvictableIdleTimeMillis" value="600000" />
		</bean>
	</beans>






</beans>