<?xml version="1.0" encoding="UTF-8" ?>
<!DOCTYPE generatorConfiguration PUBLIC "-//mybatis.org//DTD MyBatis Generator Configuration 1.0//EN" "http://mybatis.org/dtd/mybatis-generator-config_1_0.dtd" >
<generatorConfiguration >
   <!-- 引入配置文件 -->  
    <properties resource="application.properties"/>  
      
    <!-- 指定数据连接驱动jar地址 -->  
    <classPathEntry location="${classPath}" />  
      
    <!-- 一个数据库一个context -->  
    <context id="infoGuardian" >  
    	<!-- 分页插件 -->
    	<plugin type="org.mybatis.generator.plugins.CaseInsensitiveLikePlugin"></plugin>  
        <plugin type="org.mybatis.generator.plugins.SerializablePlugin"></plugin>  
        <!-- Pagination -->  
        <plugin type="com.risk.plan.plugin.PostgresqlDataPlugin"></plugin>
        
        
        <!-- 注释 -->  
        <commentGenerator >  
            <property name="suppressAllComments" value="true"/><!-- 是否取消注释 -->  
            <property name="suppressDate" value="false" /> <!-- 是否生成注释代时间戳-->  
        </commentGenerator>  
          
        <!-- jdbc连接 -->  
        <jdbcConnection driverClass="${jdbc.driver}"  
            connectionURL="${jdbc.url}" userId="${jdbc.username}"  
            password="${jdbc.password}" />  
          
        <!-- 类型转换 -->  
        <javaTypeResolver>  
            <!-- 是否使用bigDecimal， false可自动转化以下类型（Long, Integer, Short, etc.） -->  
            <property name="forceBigDecimals" value="false"/>  
        </javaTypeResolver>  
          
        <!-- 生成实体类地址 -->    
        <javaModelGenerator targetPackage="com.risk.plan.entity"  
            targetProject="${project}" >  
            <!-- 是否在当前路径下新加一层schema,eg：fase路径com.oop.eksp.user.model， true:com.oop.eksp.user.model.[schemaName] -->  
            <property name="enableSubPackages" value="false"/>  
            <!-- 是否针对string类型的字段在set的时候进行trim调用 -->  
            <property name="trimStrings" value="true"/>  
        </javaModelGenerator>  
          
        <!-- 生成mapxml文件 -->  
        <sqlMapGenerator targetPackage="mybatisMapper"  
            targetProject="${projectResources}" >  
            <!-- 是否在当前路径下新加一层schema,eg：fase路径com.oop.eksp.user.model， true:com.oop.eksp.user.model.[schemaName] -->  
            <property name="enableSubPackages" value="false" />  
        </sqlMapGenerator> 
         
          <!-- 生成mapxml对应client，也就是接口dao -->      
        <javaClientGenerator targetPackage="com.risk.plan.dao"  
            targetProject="${project}" type="XMLMAPPER" >  
            <!-- 是否在当前路径下新加一层schema,eg：fase路径com.oop.eksp.user.model， true:com.oop.eksp.user.model.[schemaName] -->  
            <property name="enableSubPackages" value="false" />  
        </javaClientGenerator>
          
          
        <!-- 配置表信息       --> 
        <!-- <table  tableName="t_user"  
            domainObjectName="User" enableCountByExample="false"  
            enableDeleteByExample="false" enableSelectByExample="false"  
            enableUpdateByExample="false"> 
            schema即为数据库名 tableName为对应的数据库表 domainObjectName是要生成的实体类 enable*ByExample   
                是否生成 example类    
              
            忽略列，不生成bean 字段 
            <ignoreColumn column="FRED" /> 
            指定列的java数据类型  
            <columnOverride column="LONG_VARCHAR_FIELD" jdbcType="VARCHAR" /> 
             
        </table> 
        
        <table  tableName="t_manager"  
            domainObjectName="Manager" enableCountByExample="false"  
            enableDeleteByExample="false" enableSelectByExample="false"  
            enableUpdateByExample="false">              
        </table>
        
         <table  tableName="t_accountPerm"  
            domainObjectName="AccountPerm" enableCountByExample="false"  
            enableDeleteByExample="false" enableSelectByExample="false"  
            enableUpdateByExample="false">              
        </table>
        
         <table  tableName="t_rolePerm"  
            domainObjectName="RolePerm" enableCountByExample="false"  
            enableDeleteByExample="false" enableSelectByExample="false"  
            enableUpdateByExample="false">              
        </table>
        
         <table  tableName="t_accountRole"  
            domainObjectName="AccountRole" enableCountByExample="false"  
            enableDeleteByExample="false" enableSelectByExample="false"  
            enableUpdateByExample="false">              
        </table>
        
         <table  tableName="t_permissions"  
            domainObjectName="Permissions" enableCountByExample="false"  
            enableDeleteByExample="false" enableSelectByExample="false"  
            enableUpdateByExample="false">              
        </table>
        
         <table  tableName="t_role"  
            domainObjectName="Role" enableCountByExample="false"  
            enableDeleteByExample="false" enableSelectByExample="false"  
            enableUpdateByExample="false">              
        </table> -->
        
        <!-- <table tableName="student"  
            domainObjectName="Student" enableCountByExample="false"  
            enableDeleteByExample="false" enableSelectByExample="false"  
            enableUpdateByExample="false">              
        </table> -->
  	   <!--  <table tableName="relationship"  
            domainObjectName="Relationship" enableCountByExample="false"  
            enableDeleteByExample="false" enableSelectByExample="false"  
            enableUpdateByExample="false">              
        </table> -->
        <!-- <table tableName="type"  
            domainObjectName="Type" enableCountByExample="false"  
            enableDeleteByExample="false" enableSelectByExample="false"  
            enableUpdateByExample="false">              
        </table> -->
       <!-- <table tableName="goods"  
            domainObjectName="Goods" enableCountByExample="false"  
            enableDeleteByExample="false" enableSelectByExample="false"  
            enableUpdateByExample="false">              
       </table> -->
      <!--  <table tableName="t_class"  
            domainObjectName="ClassTest" enableCountByExample="false"  
            enableDeleteByExample="false" enableSelectByExample="false"  
            enableUpdateByExample="false">              
       </table>
       <table tableName="t_student"  
            domainObjectName="Student" enableCountByExample="false"  
            enableDeleteByExample="false" enableSelectByExample="false"  
            enableUpdateByExample="false">              
       </table> -->
      <!--  <table tableName="t_test"  
            domainObjectName="Test" enableCountByExample="false"  
            enableDeleteByExample="false" enableSelectByExample="false"  
            enableUpdateByExample="false">              
       </table>  -->
		<!-- <table tableName="area"
			domainObjectName="Area"	enableCountByExample="false"
			enableDeleteByExample="false"	enableSelectByExample="false"
			enableUpdateByExample="false">
		</table>  
		<table tableName="colloratiorel"
			domainObjectName="ColloRatioRel"	enableCountByExample="false"
			enableDeleteByExample="false"	enableSelectByExample="false"
			enableUpdateByExample="false">
		 </table>  
		<table tableName="collocationratio"
			domainObjectName="CollocationRatio"	enableCountByExample="false"
			enableDeleteByExample="false"	enableSelectByExample="false"
			enableUpdateByExample="false">
		 </table>  
		<table tableName="crossedge"
			domainObjectName="CrossEdge"	enableCountByExample="false"
			enableDeleteByExample="false"	enableSelectByExample="false"
			enableUpdateByExample="false">
		 </table>  
		<table tableName="crossnode"
			domainObjectName="CrossNode"	enableCountByExample="false"
			enableDeleteByExample="false"	enableSelectByExample="false"
			enableUpdateByExample="false">
		 </table>  
		<table tableName="disasternode"
			domainObjectName="DisasterNode"	enableCountByExample="false"
			enableDeleteByExample="false"	enableSelectByExample="false"
			enableUpdateByExample="false">
		 </table>  
		<table tableName="enrelation"
			domainObjectName="ENRelation"	enableCountByExample="false"
			enableDeleteByExample="false"	enableSelectByExample="false"
			enableUpdateByExample="false">
		 </table>  
		<table tableName="edge"
			domainObjectName="Edge"	enableCountByExample="false"
			enableDeleteByExample="false"	enableSelectByExample="false"
			enableUpdateByExample="false">
		 </table>  
		<table tableName="emertype"
			domainObjectName="EmerType"	enableCountByExample="false"
			enableDeleteByExample="false"	enableSelectByExample="false"
			enableUpdateByExample="false">
		 </table>  
		<table tableName="emergency"
			domainObjectName="Emergency"	enableCountByExample="false"
			enableDeleteByExample="false"	enableSelectByExample="false"
			enableUpdateByExample="false">
		 </table>  
		<table tableName="events"
			domainObjectName="Events"	enableCountByExample="false"
			enableDeleteByExample="false"	enableSelectByExample="false"
			enableUpdateByExample="false">
		 </table>  
		<table tableName="gene"
			domainObjectName="Gene"	enableCountByExample="false"
			enableDeleteByExample="false"	enableSelectByExample="false"
			enableUpdateByExample="false">
		 </table>  
		<table tableName="goods"
			domainObjectName="Goods"	enableCountByExample="false"
			enableDeleteByExample="false"	enableSelectByExample="false"
			enableUpdateByExample="false">
		 </table>  
		<table tableName="goodsrelation"
			domainObjectName="GoodsRelation"	enableCountByExample="false"
			enableDeleteByExample="false"	enableSelectByExample="false"
			enableUpdateByExample="false">
		 </table>  --> 
		 <!-- <table tableName="goodstype"
			domainObjectName="GoodsType"	enableCountByExample="false"
			enableDeleteByExample="false"	enableSelectByExample="false"
			enableUpdateByExample="false">
		 </table>   -->
		 <!-- <table tableName="sub"
			domainObjectName="sub"	enableCountByExample="false"
			enableDeleteByExample="false"	enableSelectByExample="false"
			enableUpdateByExample="false">
		 </table> -->
		 <!-- <table tableName="enrelation"
			domainObjectName="EnRelation"	enableCountByExample="false"
			enableDeleteByExample="false"	enableSelectByExample="false"
			enableUpdateByExample="false">
		 </table> -->
		 <!-- <table tableName="riskinfo"
			domainObjectName="RiskInfo"	enableCountByExample="false"
			enableDeleteByExample="false"	enableSelectByExample="false"
			enableUpdateByExample="false">
		 </table> --> 
		 <!-- <table tableName="activity"
			domainObjectName="Activity"	enableCountByExample="false"
			enableDeleteByExample="false"	enableSelectByExample="false"
			enableUpdateByExample="false">
		 </table> -->
		 <!-- <table tableName="strategy"
			domainObjectName="Strategy"	enableCountByExample="false"
			enableDeleteByExample="false"	enableSelectByExample="false"
			enableUpdateByExample="false">
		 </table> -->
		 <table tableName="scheme"
			domainObjectName="Scheme"	enableCountByExample="false"
			enableDeleteByExample="false"	enableSelectByExample="false"
			enableUpdateByExample="false">
		 </table>
		 <!-- <table tableName="factor"
			domainObjectName="Factor"	enableCountByExample="false"
			enableDeleteByExample="false"	enableSelectByExample="false"
			enableUpdateByExample="false">
		 </table>  -->
		 <!-- <table tableName="activity"
			domainObjectName="Activity"	enableCountByExample="false"
			enableDeleteByExample="false"	enableSelectByExample="false"
			enableUpdateByExample="false">
		 </table> -->
		<!-- <table tableName="manufacturer"
			domainObjectName="Manufacturer"	enableCountByExample="false"
			enableDeleteByExample="false"	enableSelectByExample="false"
			enableUpdateByExample="false">
		 </table>  
		<table tableName="nodes"
			domainObjectName="Nodes"	enableCountByExample="false"
			enableDeleteByExample="false"	enableSelectByExample="false"
			enableUpdateByExample="false">
		 </table>  
		<table tableName="path"
			domainObjectName="Path"	enableCountByExample="false"
			enableDeleteByExample="false"	enableSelectByExample="false"
			enableUpdateByExample="false">
		 </table>  
		<table tableName="points"
			domainObjectName="Points"	enableCountByExample="false"
			enableDeleteByExample="false"	enableSelectByExample="false"
			enableUpdateByExample="false">
		 </table>  
		<table tableName="popedem"
			domainObjectName="Popedem"	enableCountByExample="false"
			enableDeleteByExample="false"	enableSelectByExample="false"
			enableUpdateByExample="false">
		 </table>  
		<table tableName="producrelation"
			domainObjectName="ProducRelation"	enableCountByExample="false"
			enableDeleteByExample="false"	enableSelectByExample="false"
			enableUpdateByExample="false">
		 </table>  
		<table tableName="realcollo"
			domainObjectName="RealCollo"	enableCountByExample="false"
			enableDeleteByExample="false"	enableSelectByExample="false"
			enableUpdateByExample="false">
		 </table>  
		<table tableName="realcollocation"
			domainObjectName="RealCollocation"	enableCountByExample="false"
			enableDeleteByExample="false"	enableSelectByExample="false"
			enableUpdateByExample="false">
		 </table>  
		<table tableName="rolepopedem"
			domainObjectName="RolePopedem"	enableCountByExample="false"
			enableDeleteByExample="false"	enableSelectByExample="false"
			enableUpdateByExample="false">
		 </table>  
		<table tableName="roles"
			domainObjectName="Roles"	enableCountByExample="false"
			enableDeleteByExample="false"	enableSelectByExample="false"
			enableUpdateByExample="false">
		 </table>  
		<table tableName="scollocationplan"
			domainObjectName="SCollocationPlan"	enableCountByExample="false"
			enableDeleteByExample="false"	enableSelectByExample="false"
			enableUpdateByExample="false">
		 </table>  
		<table tableName="schedulescheme"
			domainObjectName="ScheduleScheme"	enableCountByExample="false"
			enableDeleteByExample="false"	enableSelectByExample="false"
			enableUpdateByExample="false">
		 </table>  
		 
		<table tableName="task"
			domainObjectName="Task"	enableCountByExample="false"
			enableDeleteByExample="false"	enableSelectByExample="false"
			enableUpdateByExample="false">
		 </table>  
		<table tableName="tranmodel"
			domainObjectName="TranModel"	enableCountByExample="false"
			enableDeleteByExample="false"	enableSelectByExample="false"
			enableUpdateByExample="false">
		 </table>  
		<table tableName="translive"
			domainObjectName="TransLive"	enableCountByExample="false"
			enableDeleteByExample="false"	enableSelectByExample="false"
			enableUpdateByExample="false">
		 </table>  
		<table tableName="trsportation"
			domainObjectName="Trsportation"	enableCountByExample="false"
			enableDeleteByExample="false"	enableSelectByExample="false"
			enableUpdateByExample="false">
		 </table>  
		<table tableName="uerelation"
			domainObjectName="UERelation"	enableCountByExample="false"
			enableDeleteByExample="false"	enableSelectByExample="false"
			enableUpdateByExample="false">
		 </table>  
		<table tableName="userrole"
			domainObjectName="UserRole"	enableCountByExample="false"
			enableDeleteByExample="false"	enableSelectByExample="false"
			enableUpdateByExample="false">
		 </table>  
		<table tableName="users"
			domainObjectName="Users"	enableCountByExample="false"
			enableDeleteByExample="false"	enableSelectByExample="false"
			enableUpdateByExample="false">
		 </table>  
		<table tableName="virtualnode"
			domainObjectName="VirtualNode"	enableCountByExample="false"
			enableDeleteByExample="false"	enableSelectByExample="false"
			enableUpdateByExample="false">
		 </table>  
		<table tableName="warehouse"
			domainObjectName="WareHouse"	enableCountByExample="false"
			enableDeleteByExample="false"	enableSelectByExample="false"
			enableUpdateByExample="false">
		 </table>  --> 
		       
       
       
    </context> 
</generatorConfiguration>