<?xml version="1.0" encoding="UTF-8" ?>
<!DOCTYPE mapper PUBLIC "-//mybatis.org//DTD Mapper 3.0//EN" "http://mybatis.org/dtd/mybatis-3-mapper.dtd" >
<mapper namespace="com.risk.plan.dao.ActivityMapper" >
  <resultMap id="BaseResultMap" type="com.risk.plan.entity.Activity" >
    <id column="aid" property="aid" jdbcType="VARCHAR" />
    <result column="subname" property="subname" jdbcType="VARCHAR" />
    <result column="risktype" property="risktype" jdbcType="VARCHAR" />
    <result column="strategy" property="strategy" jdbcType="VARCHAR" />
    <result column="degree" property="degree" jdbcType="VARCHAR" />
    <result column="person" property="person" jdbcType="VARCHAR" />
    <result column="money" property="money" jdbcType="VARCHAR" />
    <result column="goods" property="goods" jdbcType="VARCHAR" />
    <result column="emerid" property="emerid" jdbcType="VARCHAR" />
  </resultMap>
  <sql id="Base_Column_List" >
    aid, subname, risktype, strategy, degree, person, money, goods, emerid
  </sql>
  <select id="selectByPrimaryKey" resultMap="BaseResultMap" parameterType="java.lang.String" >
    select 
    <include refid="Base_Column_List" />
    from activity
    where aid = #{aid,jdbcType=VARCHAR}
  </select>
  <delete id="deleteByPrimaryKey" parameterType="java.lang.String" >
    delete from activity
    where aid = #{aid,jdbcType=VARCHAR}
  </delete>
  <delete id="deleteByEmerid" parameterType="java.lang.String" >
    delete from activity
    where emerid = #{emerid,jdbcType=VARCHAR}
  </delete>
  <insert id="insert" parameterType="com.risk.plan.entity.Activity" >
    insert into activity (aid, subname, risktype, 
      strategy, degree, person, 
      money, goods, emerid
      )
    values (#{aid,jdbcType=VARCHAR}, #{subname,jdbcType=VARCHAR}, #{risktype,jdbcType=VARCHAR}, 
      #{strategy,jdbcType=VARCHAR}, #{degree,jdbcType=VARCHAR}, #{person,jdbcType=VARCHAR}, 
      #{money,jdbcType=VARCHAR}, #{goods,jdbcType=VARCHAR}, #{emerid,jdbcType=VARCHAR}
      )
  </insert>
  <insert id="insertSelective" parameterType="com.risk.plan.entity.Activity" >
    insert into activity
    <trim prefix="(" suffix=")" suffixOverrides="," >
      <if test="aid != null" >
        aid,
      </if>
      <if test="subname != null" >
        subname,
      </if>
      <if test="risktype != null" >
        risktype,
      </if>
      <if test="strategy != null" >
        strategy,
      </if>
      <if test="degree != null" >
        degree,
      </if>
      <if test="person != null" >
        person,
      </if>
      <if test="money != null" >
        money,
      </if>
      <if test="goods != null" >
        goods,
      </if>
      <if test="emerid != null" >
        emerid,
      </if>
    </trim>
    <trim prefix="values (" suffix=")" suffixOverrides="," >
      <if test="aid != null" >
        #{aid,jdbcType=VARCHAR},
      </if>
      <if test="subname != null" >
        #{subname,jdbcType=VARCHAR},
      </if>
      <if test="risktype != null" >
        #{risktype,jdbcType=VARCHAR},
      </if>
      <if test="strategy != null" >
        #{strategy,jdbcType=VARCHAR},
      </if>
      <if test="degree != null" >
        #{degree,jdbcType=VARCHAR},
      </if>
      <if test="person != null" >
        #{person,jdbcType=VARCHAR},
      </if>
      <if test="money != null" >
        #{money,jdbcType=VARCHAR},
      </if>
      <if test="goods != null" >
        #{goods,jdbcType=VARCHAR},
      </if>
      <if test="emerid != null" >
        #{emerid,jdbcType=VARCHAR},
      </if>
    </trim>
  </insert>
  <update id="updateByPrimaryKeySelective" parameterType="com.risk.plan.entity.Activity" >
    update activity
    <set >
      <if test="subname != null" >
        subname = #{subname,jdbcType=VARCHAR},
      </if>
      <if test="risktype != null" >
        risktype = #{risktype,jdbcType=VARCHAR},
      </if>
      <if test="strategy != null" >
        strategy = #{strategy,jdbcType=VARCHAR},
      </if>
      <if test="degree != null" >
        degree = #{degree,jdbcType=VARCHAR},
      </if>
      <if test="person != null" >
        person = #{person,jdbcType=VARCHAR},
      </if>
      <if test="money != null" >
        money = #{money,jdbcType=VARCHAR},
      </if>
      <if test="goods != null" >
        goods = #{goods,jdbcType=VARCHAR},
      </if>
      <if test="emerid != null" >
        emerid = #{emerid,jdbcType=VARCHAR},
      </if>
    </set>
    where aid = #{aid,jdbcType=VARCHAR}
  </update>
  <update id="updateByPrimaryKey" parameterType="com.risk.plan.entity.Activity" >
    update activity
    set subname = #{subname,jdbcType=VARCHAR},
      risktype = #{risktype,jdbcType=VARCHAR},
      strategy = #{strategy,jdbcType=VARCHAR},
      degree = #{degree,jdbcType=VARCHAR},
      person = #{person,jdbcType=VARCHAR},
      money = #{money,jdbcType=VARCHAR},
      goods = #{goods,jdbcType=VARCHAR},
      emerid = #{emerid,jdbcType=VARCHAR}
    where aid = #{aid,jdbcType=VARCHAR}
  </update>
  <select id="selectAll" resultMap="BaseResultMap" parameterType="map" >
    select
    <include refid="Base_Column_List" />
    from activity
    <if test="sortName != null" >
      order by ${sortName}
      <if test="sortOrder != null" >
        ${sortOrder}
      </if>
    </if>
  </select>
  <select id="findByParams" resultMap="BaseResultMap" parameterType="map" >
    select
    <include refid="Base_Column_List" />
    from activity
    <where>
      <if test="subname != null" >
        subname = #{subname,jdbcType=VARCHAR}
      </if>
      <if test="risktype != null" >
        and risktype = #{risktype,jdbcType=VARCHAR}
      </if>
      <if test="strategy != null" >
        and strategy = #{strategy,jdbcType=VARCHAR}
      </if>
      <if test="degree != null" >
        and degree = #{degree,jdbcType=VARCHAR}
      </if>
      <if test="person != null" >
        and person = #{person,jdbcType=VARCHAR}
      </if>
      <if test="money != null" >
        and money = #{money,jdbcType=VARCHAR}
      </if>
      <if test="goods != null" >
        and goods = #{goods,jdbcType=VARCHAR}
      </if>
      <if test="emerid != null" >
        and emerid = #{emerid,jdbcType=VARCHAR}
      </if>
    </where>
    <if test="sortName != null" >
      order by ${sortName}
      <if test="sortOrder != null" >
        ${sortOrder}
      </if>
    </if>
    <if test="pageSize != null and startNum != null" >
      limit #{pageSize} offset #{startNum}
    </if>
  </select>
  <select id="findByParamsCount" resultType="int" parameterType="map" >
    select count(*) from activity
    <where>
      <if test="subname != null" >
        subname = #{subname,jdbcType=VARCHAR}
      </if>
      <if test="risktype != null" >
        and risktype = #{risktype,jdbcType=VARCHAR}
      </if>
      <if test="strategy != null" >
        and strategy = #{strategy,jdbcType=VARCHAR}
      </if>
      <if test="degree != null" >
        and degree = #{degree,jdbcType=VARCHAR}
      </if>
      <if test="person != null" >
        and person = #{person,jdbcType=VARCHAR}
      </if>
      <if test="money != null" >
        and money = #{money,jdbcType=VARCHAR}
      </if>
      <if test="goods != null" >
        and goods = #{goods,jdbcType=VARCHAR}
      </if>
      <if test="emerid != null" >
        and emerid = #{emerid,jdbcType=VARCHAR}
      </if>
    </where>
  </select>
</mapper>