<?xml version="1.0" encoding="UTF-8" ?>
<!DOCTYPE mapper PUBLIC "-//mybatis.org//DTD Mapper 3.0//EN" "http://mybatis.org/dtd/mybatis-3-mapper.dtd" >
<mapper namespace="com.risk.plan.dao.PopedemMapper" >
  <resultMap id="BaseResultMap" type="com.risk.plan.entity.Popedem" >
    <id column="popedemid" property="popedemid" jdbcType="VARCHAR" />
    <result column="popedomname" property="popedomname" jdbcType="VARCHAR" />
    <result column="parentid" property="parentid" jdbcType="VARCHAR" />
    <result column="url" property="url" jdbcType="VARCHAR" />
    <result column="photo" property="photo" jdbcType="VARCHAR" />
    <result column="sequence" property="sequence" jdbcType="INTEGER" />
    <result column="state" property="state" jdbcType="INTEGER" />
    <result column="grade" property="grade" jdbcType="INTEGER" />
  </resultMap>
  <sql id="Base_Column_List" >
    popedemid, popedomname, parentid, url, photo, sequence, state, grade
  </sql>
  <select id="selectByPrimaryKey" resultMap="BaseResultMap" parameterType="java.lang.String" >
    select 
    <include refid="Base_Column_List" />
    from popedem
    where popedemid = #{popedemid,jdbcType=VARCHAR}
  </select>
  <delete id="deleteByPrimaryKey" parameterType="java.lang.String" >
    delete from popedem
    where popedemid = #{popedemid,jdbcType=VARCHAR}
  </delete>
  <select id="selectByRoleId" resultMap="BaseResultMap"  parameterType="java.lang.String">
 	 select p.* from popedem p , rolepopedem rp  
 	 where p.popedemid = rp.popedemid 
 	  and rp.roleid =#{userid,jdbcType=VARCHAR}
 	  order by p.sequence 
 	  asc
  </select>
  <insert id="insert" parameterType="com.risk.plan.entity.Popedem" >
    insert into popedem (popedemid, popedomname, parentid, 
      url, photo, sequence, 
      state, grade)
    values (#{popedemid,jdbcType=VARCHAR}, #{popedomname,jdbcType=VARCHAR}, #{parentid,jdbcType=VARCHAR}, 
      #{url,jdbcType=VARCHAR}, #{photo,jdbcType=VARCHAR}, #{sequence,jdbcType=INTEGER}, 
      #{state,jdbcType=INTEGER}, #{grade,jdbcType=INTEGER})
  </insert>
  <insert id="insertSelective" parameterType="com.risk.plan.entity.Popedem" >
    insert into popedem
    <trim prefix="(" suffix=")" suffixOverrides="," >
      <if test="popedemid != null" >
        popedemid,
      </if>
      <if test="popedomname != null" >
        popedomname,
      </if>
      <if test="parentid != null" >
        parentid,
      </if>
      <if test="url != null" >
        url,
      </if>
      <if test="photo != null" >
        photo,
      </if>
      <if test="sequence != null" >
        sequence,
      </if>
      <if test="state != null" >
        state,
      </if>
      <if test="grade != null" >
        grade,
      </if>
    </trim>
    <trim prefix="values (" suffix=")" suffixOverrides="," >
      <if test="popedemid != null" >
        #{popedemid,jdbcType=VARCHAR},
      </if>
      <if test="popedomname != null" >
        #{popedomname,jdbcType=VARCHAR},
      </if>
      <if test="parentid != null" >
        #{parentid,jdbcType=VARCHAR},
      </if>
      <if test="url != null" >
        #{url,jdbcType=VARCHAR},
      </if>
      <if test="photo != null" >
        #{photo,jdbcType=VARCHAR},
      </if>
      <if test="sequence != null" >
        #{sequence,jdbcType=INTEGER},
      </if>
      <if test="state != null" >
        #{state,jdbcType=INTEGER},
      </if>
      <if test="grade != null" >
        #{grade,jdbcType=INTEGER},
      </if>
    </trim>
  </insert>
  <update id="updateByPrimaryKeySelective" parameterType="com.risk.plan.entity.Popedem" >
    update popedem
    <set >
      <if test="popedomname != null" >
        popedomname = #{popedomname,jdbcType=VARCHAR},
      </if>
      <if test="parentid != null" >
        parentid = #{parentid,jdbcType=VARCHAR},
      </if>
      <if test="url != null" >
        url = #{url,jdbcType=VARCHAR},
      </if>
      <if test="photo != null" >
        photo = #{photo,jdbcType=VARCHAR},
      </if>
      <if test="sequence != null" >
        sequence = #{sequence,jdbcType=INTEGER},
      </if>
      <if test="state != null" >
        state = #{state,jdbcType=INTEGER},
      </if>
      <if test="grade != null" >
        grade = #{grade,jdbcType=INTEGER},
      </if>
    </set>
    where popedemid = #{popedemid,jdbcType=VARCHAR}
  </update>
  <update id="updateByPrimaryKey" parameterType="com.risk.plan.entity.Popedem" >
    update popedem
    set popedomname = #{popedomname,jdbcType=VARCHAR},
      parentid = #{parentid,jdbcType=VARCHAR},
      url = #{url,jdbcType=VARCHAR},
      photo = #{photo,jdbcType=VARCHAR},
      sequence = #{sequence,jdbcType=INTEGER},
      state = #{state,jdbcType=INTEGER},
      grade = #{grade,jdbcType=INTEGER}
    where popedemid = #{popedemid,jdbcType=VARCHAR}
  </update>
  <select id="selectAll" resultMap="BaseResultMap" parameterType="map" >
    select
    <include refid="Base_Column_List" />
    from popedem
     order by popedemid
    <if test="sortName != null" >
      order by popedemid
      <if test="sortOrder != null" >
        order by popedemid
      </if>
    </if>
  </select>
  <select id="findByParams" resultMap="BaseResultMap" parameterType="map" >
    select
    <include refid="Base_Column_List" />
    from popedem
    <if test="sortName != null" >
      order by ${sortName}
      <if test="sortOrder != null" >
        ${sortOrder}
      </if>
    </if>
    <if test="pageSize != null and startNum != null" >
      limit #{pageSize} offset #{startNum}
    </if>
  </select>
  <select id="findByParamsCount" resultType="int" parameterType="map" >
    select count(*) from popedem
  </select>
</mapper>