<?xml version="1.0" encoding="UTF-8" ?>
<!DOCTYPE mapper PUBLIC "-//mybatis.org//DTD Mapper 3.0//EN" "http://mybatis.org/dtd/mybatis-3-mapper.dtd" >
<mapper namespace="com.risk.plan.dao.ProducRelationMapper" >
  <resultMap id="BaseResultMap" type="com.risk.plan.entity.ProducRelation" >
    <id column="producrelationid" property="producrelationid" jdbcType="VARCHAR" />
    <result column="Time" property="time" jdbcType="DATE" />
    <result column="producnum" property="producnum" jdbcType="VARCHAR" />
    <result column="price" property="price" jdbcType="VARCHAR" />
    <result column="manufacturerid" property="manufacturerid" jdbcType="VARCHAR" />
    <result column="goodsid" property="goodsid" jdbcType="VARCHAR" />
    <result column="note" property="note" jdbcType="VARCHAR" />
  </resultMap>
  <sql id="Base_Column_List" >
    producrelationid, Time, producnum, price, manufacturerid, goodsid, note
  </sql>
  <select id="selectByPrimaryKey" resultMap="BaseResultMap" parameterType="java.lang.String" >
    select 
    <include refid="Base_Column_List" />
    from producrelation
    where producrelationid = #{producrelationid,jdbcType=VARCHAR}
  </select>
  <delete id="deleteByPrimaryKey" parameterType="java.lang.String" >
    delete from producrelation
    where producrelationid = #{producrelationid,jdbcType=VARCHAR}
  </delete>
  <insert id="insert" parameterType="com.risk.plan.entity.ProducRelation" >
    insert into producrelation (producrelationid, Time, producnum, 
      price, manufacturerid, goodsid, 
      note)
    values (#{producrelationid,jdbcType=VARCHAR}, #{time,jdbcType=DATE}, #{producnum,jdbcType=VARCHAR}, 
      #{price,jdbcType=VARCHAR}, #{manufacturerid,jdbcType=VARCHAR}, #{goodsid,jdbcType=VARCHAR}, 
      #{note,jdbcType=VARCHAR})
  </insert>
  <insert id="insertSelective" parameterType="com.risk.plan.entity.ProducRelation" >
    insert into producrelation
    <trim prefix="(" suffix=")" suffixOverrides="," >
      <if test="producrelationid != null" >
        producrelationid,
      </if>
      <if test="time != null" >
        Time,
      </if>
      <if test="producnum != null" >
        producnum,
      </if>
      <if test="price != null" >
        price,
      </if>
      <if test="manufacturerid != null" >
        manufacturerid,
      </if>
      <if test="goodsid != null" >
        goodsid,
      </if>
      <if test="note != null" >
        note,
      </if>
    </trim>
    <trim prefix="values (" suffix=")" suffixOverrides="," >
      <if test="producrelationid != null" >
        #{producrelationid,jdbcType=VARCHAR},
      </if>
      <if test="time != null" >
        #{time,jdbcType=DATE},
      </if>
      <if test="producnum != null" >
        #{producnum,jdbcType=VARCHAR},
      </if>
      <if test="price != null" >
        #{price,jdbcType=VARCHAR},
      </if>
      <if test="manufacturerid != null" >
        #{manufacturerid,jdbcType=VARCHAR},
      </if>
      <if test="goodsid != null" >
        #{goodsid,jdbcType=VARCHAR},
      </if>
      <if test="note != null" >
        #{note,jdbcType=VARCHAR},
      </if>
    </trim>
  </insert>
  <update id="updateByPrimaryKeySelective" parameterType="com.risk.plan.entity.ProducRelation" >
    update producrelation
    <set >
      <if test="time != null" >
        Time = #{time,jdbcType=DATE},
      </if>
      <if test="producnum != null" >
        producnum = #{producnum,jdbcType=VARCHAR},
      </if>
      <if test="price != null" >
        price = #{price,jdbcType=VARCHAR},
      </if>
      <if test="manufacturerid != null" >
        manufacturerid = #{manufacturerid,jdbcType=VARCHAR},
      </if>
      <if test="goodsid != null" >
        goodsid = #{goodsid,jdbcType=VARCHAR},
      </if>
      <if test="note != null" >
        note = #{note,jdbcType=VARCHAR},
      </if>
    </set>
    where producrelationid = #{producrelationid,jdbcType=VARCHAR}
  </update>
  <update id="updateByPrimaryKey" parameterType="com.risk.plan.entity.ProducRelation" >
    update producrelation
    set Time = #{time,jdbcType=DATE},
      producnum = #{producnum,jdbcType=VARCHAR},
      price = #{price,jdbcType=VARCHAR},
      manufacturerid = #{manufacturerid,jdbcType=VARCHAR},
      goodsid = #{goodsid,jdbcType=VARCHAR},
      note = #{note,jdbcType=VARCHAR}
    where producrelationid = #{producrelationid,jdbcType=VARCHAR}
  </update>
  <select id="selectAll" resultMap="BaseResultMap" parameterType="map" >
    select
    <include refid="Base_Column_List" />
    from producrelation
    <if test="sortName != null" >
      order by ${sortName}
      <if test="sortOrder != null" >
        ${sortOrder}
      </if>
    </if>
  </select>
  <select id="findByParams" resultMap="BaseResultMap" parameterType="map" >
    select
    <include refid="Base_Column_List" />
    from producrelation
    <if test="sortName != null" >
      order by ${sortName}
      <if test="sortOrder != null" >
        ${sortOrder}
      </if>
    </if>
    <if test="pageSize != null and startNum != null" >
      limit #{pageSize} offset #{startNum}
    </if>
  </select>
  <select id="findByParamsCount" resultType="int" parameterType="map" >
    select count(*) from producrelation
  </select>
</mapper>