<?xml version="1.0" encoding="UTF-8" ?>
<!DOCTYPE mapper PUBLIC "-//mybatis.org//DTD Mapper 3.0//EN" "http://mybatis.org/dtd/mybatis-3-mapper.dtd" >
<mapper namespace="com.risk.plan.dao.RolesMapper" >
  <resultMap id="BaseResultMap" type="com.risk.plan.entity.Roles" >
    <id column="roleid" property="roleid" jdbcType="VARCHAR" />
    <result column="rolename" property="rolename" jdbcType="VARCHAR" />
    <result column="remark" property="remark" jdbcType="VARCHAR" />
  </resultMap>
  <sql id="Base_Column_List" >
    roleid, rolename, remark
  </sql>
  <select id="selectByPrimaryKey" resultMap="BaseResultMap" parameterType="java.lang.String" >
    select 
    <include refid="Base_Column_List" />
    from roles
    where roleid = #{roleid,jdbcType=VARCHAR}
  </select>
  <delete id="deleteByPrimaryKey" parameterType="java.lang.String" >
    delete from roles
    where roleid = #{roleid,jdbcType=VARCHAR}
  </delete>
  <insert id="insert" parameterType="com.risk.plan.entity.Roles" >
    insert into roles (roleid, rolename, remark
      )
    values (#{roleid,jdbcType=VARCHAR}, #{rolename,jdbcType=VARCHAR}, #{remark,jdbcType=VARCHAR}
      )
  </insert>
  <insert id="insertSelective" parameterType="com.risk.plan.entity.Roles" >
    insert into roles
    <trim prefix="(" suffix=")" suffixOverrides="," >
      <if test="roleid != null" >
        roleid,
      </if>
      <if test="rolename != null" >
        rolename,
      </if>
      <if test="remark != null" >
        remark,
      </if>
    </trim>
    <trim prefix="values (" suffix=")" suffixOverrides="," >
      <if test="roleid != null" >
        #{roleid,jdbcType=VARCHAR},
      </if>
      <if test="rolename != null" >
        #{rolename,jdbcType=VARCHAR},
      </if>
      <if test="remark != null" >
        #{remark,jdbcType=VARCHAR},
      </if>
    </trim>
  </insert>
  <update id="updateByPrimaryKeySelective" parameterType="com.risk.plan.entity.Roles" >
    update roles
    <set >
      <if test="rolename != null" >
        rolename = #{rolename,jdbcType=VARCHAR},
      </if>
      <if test="remark != null" >
        remark = #{remark,jdbcType=VARCHAR},
      </if>
    </set>
    where roleid = #{roleid,jdbcType=VARCHAR}
  </update>
  <update id="updateByPrimaryKey" parameterType="com.risk.plan.entity.Roles" >
    update roles
    set rolename = #{rolename,jdbcType=VARCHAR},
      remark = #{remark,jdbcType=VARCHAR}
    where roleid = #{roleid,jdbcType=VARCHAR}
  </update>
  <select id="selectAll" resultMap="BaseResultMap" parameterType="map" >
    select
    <include refid="Base_Column_List" />
    from roles
    <if test="sortName != null" >
      order by ${sortName}
      <if test="sortOrder != null" >
        ${sortOrder}
      </if>
    </if>
  </select>
  <select id="findByParams" resultMap="BaseResultMap" parameterType="map" >
    select
    <include refid="Base_Column_List" />
    from roles
    <if test="sortName != null" >
      order by ${sortName}
      <if test="sortOrder != null" >
        ${sortOrder}
      </if>
    </if>
    <if test="pageSize != null and startNum != null" >
      limit #{pageSize} offset #{startNum}
    </if>
  </select>
  <select id="findByParamsCount" resultType="int" parameterType="map" >
    select count(*) from roles
  </select>
</mapper>