<?xml version="1.0" encoding="UTF-8" ?>
<!DOCTYPE mapper PUBLIC "-//mybatis.org//DTD Mapper 3.0//EN" "http://mybatis.org/dtd/mybatis-3-mapper.dtd" >
<mapper namespace="com.risk.plan.dao.RolePopedemMapper" >
  <resultMap id="BaseResultMap" type="com.risk.plan.entity.RolePopedem" >
    <id column="rpid" property="rpid" jdbcType="VARCHAR" />
    <result column="roleid" property="roleid" jdbcType="VARCHAR" />
    <result column="popedemid" property="popedemid" jdbcType="VARCHAR" />
  </resultMap>
  <sql id="Base_Column_List" >
    rpid, roleid, popedemid
  </sql>
  <select id="selectByPrimaryKey" resultMap="BaseResultMap" parameterType="java.lang.String" >
    select 
    <include refid="Base_Column_List" />
    from rolepopedem
    where rpid = #{rpid,jdbcType=VARCHAR}
  </select>
  <delete id="deleteByPrimaryKey" parameterType="java.lang.String" >
    delete from rolepopedem
    where rpid = #{rpid,jdbcType=VARCHAR}
  </delete>
  <insert id="insert" parameterType="com.risk.plan.entity.RolePopedem" >
    insert into rolepopedem (rpid, roleid, popedemid
      )
    values (#{rpid,jdbcType=VARCHAR}, #{roleid,jdbcType=VARCHAR}, #{popedemid,jdbcType=VARCHAR}
      )
  </insert>
  <insert id="insertSelective" parameterType="com.risk.plan.entity.RolePopedem" >
    insert into rolepopedem
    <trim prefix="(" suffix=")" suffixOverrides="," >
      <if test="rpid != null" >
        rpid,
      </if>
      <if test="roleid != null" >
        roleid,
      </if>
      <if test="popedemid != null" >
        popedemid,
      </if>
    </trim>
    <trim prefix="values (" suffix=")" suffixOverrides="," >
      <if test="rpid != null" >
        #{rpid,jdbcType=VARCHAR},
      </if>
      <if test="roleid != null" >
        #{roleid,jdbcType=VARCHAR},
      </if>
      <if test="popedemid != null" >
        #{popedemid,jdbcType=VARCHAR},
      </if>
    </trim>
  </insert>
  <update id="updateByPrimaryKeySelective" parameterType="com.risk.plan.entity.RolePopedem" >
    update rolepopedem
    <set >
      <if test="roleid != null" >
        roleid = #{roleid,jdbcType=VARCHAR},
      </if>
      <if test="popedemid != null" >
        popedemid = #{popedemid,jdbcType=VARCHAR},
      </if>
    </set>
    where rpid = #{rpid,jdbcType=VARCHAR}
  </update>
  <update id="updateByPrimaryKey" parameterType="com.risk.plan.entity.RolePopedem" >
    update rolepopedem
    set roleid = #{roleid,jdbcType=VARCHAR},
      popedemid = #{popedemid,jdbcType=VARCHAR}
    where rpid = #{rpid,jdbcType=VARCHAR}
  </update>
  <select id="selectAll" resultMap="BaseResultMap" parameterType="map" >
    select
    <include refid="Base_Column_List" />
    from rolepopedem
    <if test="sortName != null" >
      order by ${sortName}
      <if test="sortOrder != null" >
        ${sortOrder}
      </if>
    </if>
  </select>
  <select id="findByParams" resultMap="BaseResultMap" parameterType="map" >
    select
    <include refid="Base_Column_List" />
    from rolepopedem
    <if test="sortName != null" >
      order by ${sortName}
      <if test="sortOrder != null" >
        ${sortOrder}
      </if>
    </if>
    <if test="pageSize != null and startNum != null" >
      limit #{pageSize} offset #{startNum}
    </if>
  </select>
  <select id="findByParamsCount" resultType="int" parameterType="map" >
    select count(*) from rolepopedem
  </select>
</mapper>