<?xml version="1.0" encoding="UTF-8" ?>
<!DOCTYPE mapper PUBLIC "-//mybatis.org//DTD Mapper 3.0//EN" "http://mybatis.org/dtd/mybatis-3-mapper.dtd" >
<mapper namespace="com.risk.plan.dao.SCollocationPlanMapper" >
  <resultMap id="BaseResultMap" type="com.risk.plan.entity.SCollocationPlan" >
    <id column="scollocationplanid" property="scollocationplanid" jdbcType="VARCHAR" />
    <result column="tranmodelid" property="tranmodelid" jdbcType="VARCHAR" />
    <result column="colloratioid" property="colloratioid" jdbcType="CHAR" />
    <result column="loadtime" property="loadtime" jdbcType="DATE" />
    <result column="unloadtime" property="unloadtime" jdbcType="DATE" />
    <result column="note" property="note" jdbcType="VARCHAR" />
  </resultMap>
  <sql id="Base_Column_List" >
    scollocationplanid, tranmodelid, colloratioid, loadtime, unloadtime, note
  </sql>
  <select id="selectByPrimaryKey" resultMap="BaseResultMap" parameterType="java.lang.String" >
    select 
    <include refid="Base_Column_List" />
    from scollocationplan
    where scollocationplanid = #{scollocationplanid,jdbcType=VARCHAR}
  </select>
  <delete id="deleteByPrimaryKey" parameterType="java.lang.String" >
    delete from scollocationplan
    where scollocationplanid = #{scollocationplanid,jdbcType=VARCHAR}
  </delete>
  <insert id="insert" parameterType="com.risk.plan.entity.SCollocationPlan" >
    insert into scollocationplan (scollocationplanid, tranmodelid, 
      colloratioid, loadtime, unloadtime, 
      note)
    values (#{scollocationplanid,jdbcType=VARCHAR}, #{tranmodelid,jdbcType=VARCHAR}, 
      #{colloratioid,jdbcType=CHAR}, #{loadtime,jdbcType=DATE}, #{unloadtime,jdbcType=DATE}, 
      #{note,jdbcType=VARCHAR})
  </insert>
  <insert id="insertSelective" parameterType="com.risk.plan.entity.SCollocationPlan" >
    insert into scollocationplan
    <trim prefix="(" suffix=")" suffixOverrides="," >
      <if test="scollocationplanid != null" >
        scollocationplanid,
      </if>
      <if test="tranmodelid != null" >
        tranmodelid,
      </if>
      <if test="colloratioid != null" >
        colloratioid,
      </if>
      <if test="loadtime != null" >
        loadtime,
      </if>
      <if test="unloadtime != null" >
        unloadtime,
      </if>
      <if test="note != null" >
        note,
      </if>
    </trim>
    <trim prefix="values (" suffix=")" suffixOverrides="," >
      <if test="scollocationplanid != null" >
        #{scollocationplanid,jdbcType=VARCHAR},
      </if>
      <if test="tranmodelid != null" >
        #{tranmodelid,jdbcType=VARCHAR},
      </if>
      <if test="colloratioid != null" >
        #{colloratioid,jdbcType=CHAR},
      </if>
      <if test="loadtime != null" >
        #{loadtime,jdbcType=DATE},
      </if>
      <if test="unloadtime != null" >
        #{unloadtime,jdbcType=DATE},
      </if>
      <if test="note != null" >
        #{note,jdbcType=VARCHAR},
      </if>
    </trim>
  </insert>
  <update id="updateByPrimaryKeySelective" parameterType="com.risk.plan.entity.SCollocationPlan" >
    update scollocationplan
    <set >
      <if test="tranmodelid != null" >
        tranmodelid = #{tranmodelid,jdbcType=VARCHAR},
      </if>
      <if test="colloratioid != null" >
        colloratioid = #{colloratioid,jdbcType=CHAR},
      </if>
      <if test="loadtime != null" >
        loadtime = #{loadtime,jdbcType=DATE},
      </if>
      <if test="unloadtime != null" >
        unloadtime = #{unloadtime,jdbcType=DATE},
      </if>
      <if test="note != null" >
        note = #{note,jdbcType=VARCHAR},
      </if>
    </set>
    where scollocationplanid = #{scollocationplanid,jdbcType=VARCHAR}
  </update>
  <update id="updateByPrimaryKey" parameterType="com.risk.plan.entity.SCollocationPlan" >
    update scollocationplan
    set tranmodelid = #{tranmodelid,jdbcType=VARCHAR},
      colloratioid = #{colloratioid,jdbcType=CHAR},
      loadtime = #{loadtime,jdbcType=DATE},
      unloadtime = #{unloadtime,jdbcType=DATE},
      note = #{note,jdbcType=VARCHAR}
    where scollocationplanid = #{scollocationplanid,jdbcType=VARCHAR}
  </update>
  <select id="selectAll" resultMap="BaseResultMap" parameterType="map" >
    select
    <include refid="Base_Column_List" />
    from scollocationplan
    <if test="sortName != null" >
      order by ${sortName}
      <if test="sortOrder != null" >
        ${sortOrder}
      </if>
    </if>
  </select>
  <select id="findByParams" resultMap="BaseResultMap" parameterType="map" >
    select
    <include refid="Base_Column_List" />
    from scollocationplan
    <if test="sortName != null" >
      order by ${sortName}
      <if test="sortOrder != null" >
        ${sortOrder}
      </if>
    </if>
    <if test="pageSize != null and startNum != null" >
      limit #{pageSize} offset #{startNum}
    </if>
  </select>
  <select id="findByParamsCount" resultType="int" parameterType="map" >
    select count(*) from scollocationplan
  </select>
</mapper>