<?xml version="1.0" encoding="UTF-8" ?>
<!DOCTYPE mapper PUBLIC "-//mybatis.org//DTD Mapper 3.0//EN" "http://mybatis.org/dtd/mybatis-3-mapper.dtd" >
<mapper namespace="com.risk.plan.dao.TransLiveMapper" >
  <resultMap id="BaseResultMap" type="com.risk.plan.entity.TransLive" >
    <id column="transliveid" property="transliveid" jdbcType="VARCHAR" />
    <result column="edgeability" property="edgeability" jdbcType="VARCHAR" />
    <result column="state" property="state" jdbcType="VARCHAR" />
    <result column="starttime" property="starttime" jdbcType="DATE" />
    <result column="endtime" property="endtime" jdbcType="DATE" />
    <result column="edgeid" property="edgeid" jdbcType="VARCHAR" />
    <result column="note" property="note" jdbcType="VARCHAR" />
  </resultMap>
  <sql id="Base_Column_List" >
    transliveid, edgeability, state, starttime, endtime, edgeid, note
  </sql>
  <select id="selectByPrimaryKey" resultMap="BaseResultMap" parameterType="java.lang.String" >
    select 
    <include refid="Base_Column_List" />
    from translive
    where transliveid = #{transliveid,jdbcType=VARCHAR}
  </select>
  <delete id="deleteByPrimaryKey" parameterType="java.lang.String" >
    delete from translive
    where transliveid = #{transliveid,jdbcType=VARCHAR}
  </delete>
  <insert id="insert" parameterType="com.risk.plan.entity.TransLive" >
    insert into translive (transliveid, edgeability, state, 
      starttime, endtime, edgeid, 
      note)
    values (#{transliveid,jdbcType=VARCHAR}, #{edgeability,jdbcType=VARCHAR}, #{state,jdbcType=VARCHAR}, 
      #{starttime,jdbcType=DATE}, #{endtime,jdbcType=DATE}, #{edgeid,jdbcType=VARCHAR}, 
      #{note,jdbcType=VARCHAR})
  </insert>
  <insert id="insertSelective" parameterType="com.risk.plan.entity.TransLive" >
    insert into translive
    <trim prefix="(" suffix=")" suffixOverrides="," >
      <if test="transliveid != null" >
        transliveid,
      </if>
      <if test="edgeability != null" >
        edgeability,
      </if>
      <if test="state != null" >
        state,
      </if>
      <if test="starttime != null" >
        starttime,
      </if>
      <if test="endtime != null" >
        endtime,
      </if>
      <if test="edgeid != null" >
        edgeid,
      </if>
      <if test="note != null" >
        note,
      </if>
    </trim>
    <trim prefix="values (" suffix=")" suffixOverrides="," >
      <if test="transliveid != null" >
        #{transliveid,jdbcType=VARCHAR},
      </if>
      <if test="edgeability != null" >
        #{edgeability,jdbcType=VARCHAR},
      </if>
      <if test="state != null" >
        #{state,jdbcType=VARCHAR},
      </if>
      <if test="starttime != null" >
        #{starttime,jdbcType=DATE},
      </if>
      <if test="endtime != null" >
        #{endtime,jdbcType=DATE},
      </if>
      <if test="edgeid != null" >
        #{edgeid,jdbcType=VARCHAR},
      </if>
      <if test="note != null" >
        #{note,jdbcType=VARCHAR},
      </if>
    </trim>
  </insert>
  <update id="updateByPrimaryKeySelective" parameterType="com.risk.plan.entity.TransLive" >
    update translive
    <set >
      <if test="edgeability != null" >
        edgeability = #{edgeability,jdbcType=VARCHAR},
      </if>
      <if test="state != null" >
        state = #{state,jdbcType=VARCHAR},
      </if>
      <if test="starttime != null" >
        starttime = #{starttime,jdbcType=DATE},
      </if>
      <if test="endtime != null" >
        endtime = #{endtime,jdbcType=DATE},
      </if>
      <if test="edgeid != null" >
        edgeid = #{edgeid,jdbcType=VARCHAR},
      </if>
      <if test="note != null" >
        note = #{note,jdbcType=VARCHAR},
      </if>
    </set>
    where transliveid = #{transliveid,jdbcType=VARCHAR}
  </update>
  <update id="updateByPrimaryKey" parameterType="com.risk.plan.entity.TransLive" >
    update translive
    set edgeability = #{edgeability,jdbcType=VARCHAR},
      state = #{state,jdbcType=VARCHAR},
      starttime = #{starttime,jdbcType=DATE},
      endtime = #{endtime,jdbcType=DATE},
      edgeid = #{edgeid,jdbcType=VARCHAR},
      note = #{note,jdbcType=VARCHAR}
    where transliveid = #{transliveid,jdbcType=VARCHAR}
  </update>
  <select id="selectAll" resultMap="BaseResultMap" parameterType="map" >
    select
    <include refid="Base_Column_List" />
    from translive
    <if test="sortName != null" >
      order by ${sortName}
      <if test="sortOrder != null" >
        ${sortOrder}
      </if>
    </if>
  </select>
  <select id="findByParams" resultMap="BaseResultMap" parameterType="map" >
    select
    <include refid="Base_Column_List" />
    from translive
    <if test="sortName != null" >
      order by ${sortName}
      <if test="sortOrder != null" >
        ${sortOrder}
      </if>
    </if>
    <if test="pageSize != null and startNum != null" >
      limit #{pageSize} offset #{startNum}
    </if>
  </select>
  <select id="findByParamsCount" resultType="int" parameterType="map" >
    select count(*) from translive
  </select>
</mapper>