<?xml version="1.0" encoding="UTF-8" ?>
<!DOCTYPE mapper PUBLIC "-//mybatis.org//DTD Mapper 3.0//EN" "http://mybatis.org/dtd/mybatis-3-mapper.dtd" >
<mapper namespace="com.risk.plan.dao.TranModelMapper" >
  <resultMap id="BaseResultMap" type="com.risk.plan.entity.TranModel" >
    <id column="tranmodelid" property="tranmodelid" jdbcType="VARCHAR" />
    <result column="note" property="note" jdbcType="VARCHAR" />
    <result column="transtype" property="transtype" jdbcType="VARCHAR" />
    <result column="loadweight" property="loadweight" jdbcType="VARCHAR" />
  </resultMap>
  <sql id="Base_Column_List" >
    tranmodelid, note, transtype, loadweight
  </sql>
  <select id="selectByPrimaryKey" resultMap="BaseResultMap" parameterType="java.lang.String" >
    select 
    <include refid="Base_Column_List" />
    from tranmodel
    where tranmodelid = #{tranmodelid,jdbcType=VARCHAR}
  </select>
  <delete id="deleteByPrimaryKey" parameterType="java.lang.String" >
    delete from tranmodel
    where tranmodelid = #{tranmodelid,jdbcType=VARCHAR}
  </delete>
  <insert id="insert" parameterType="com.risk.plan.entity.TranModel" >
    insert into tranmodel (tranmodelid, note, transtype, 
      loadweight)
    values (#{tranmodelid,jdbcType=VARCHAR}, #{note,jdbcType=VARCHAR}, #{transtype,jdbcType=VARCHAR}, 
      #{loadweight,jdbcType=VARCHAR})
  </insert>
  <insert id="insertSelective" parameterType="com.risk.plan.entity.TranModel" >
    insert into tranmodel
    <trim prefix="(" suffix=")" suffixOverrides="," >
      <if test="tranmodelid != null" >
        tranmodelid,
      </if>
      <if test="note != null" >
        note,
      </if>
      <if test="transtype != null" >
        transtype,
      </if>
      <if test="loadweight != null" >
        loadweight,
      </if>
    </trim>
    <trim prefix="values (" suffix=")" suffixOverrides="," >
      <if test="tranmodelid != null" >
        #{tranmodelid,jdbcType=VARCHAR},
      </if>
      <if test="note != null" >
        #{note,jdbcType=VARCHAR},
      </if>
      <if test="transtype != null" >
        #{transtype,jdbcType=VARCHAR},
      </if>
      <if test="loadweight != null" >
        #{loadweight,jdbcType=VARCHAR},
      </if>
    </trim>
  </insert>
  <update id="updateByPrimaryKeySelective" parameterType="com.risk.plan.entity.TranModel" >
    update tranmodel
    <set >
      <if test="note != null" >
        note = #{note,jdbcType=VARCHAR},
      </if>
      <if test="transtype != null" >
        transtype = #{transtype,jdbcType=VARCHAR},
      </if>
      <if test="loadweight != null" >
        loadweight = #{loadweight,jdbcType=VARCHAR},
      </if>
    </set>
    where tranmodelid = #{tranmodelid,jdbcType=VARCHAR}
  </update>
  <update id="updateByPrimaryKey" parameterType="com.risk.plan.entity.TranModel" >
    update tranmodel
    set note = #{note,jdbcType=VARCHAR},
      transtype = #{transtype,jdbcType=VARCHAR},
      loadweight = #{loadweight,jdbcType=VARCHAR}
    where tranmodelid = #{tranmodelid,jdbcType=VARCHAR}
  </update>
  <select id="selectAll" resultMap="BaseResultMap" parameterType="map" >
    select
    <include refid="Base_Column_List" />
    from tranmodel
    <if test="sortName != null" >
      order by ${sortName}
      <if test="sortOrder != null" >
        ${sortOrder}
      </if>
    </if>
  </select>
  <select id="findByParams" resultMap="BaseResultMap" parameterType="map" >
    select
    <include refid="Base_Column_List" />
    from tranmodel
    <if test="sortName != null" >
      order by ${sortName}
      <if test="sortOrder != null" >
        ${sortOrder}
      </if>
    </if>
    <if test="pageSize != null and startNum != null" >
      limit #{pageSize} offset #{startNum}
    </if>
  </select>
  <select id="findByParamsCount" resultType="int" parameterType="map" >
    select count(*) from tranmodel
  </select>
</mapper>