<?xml version="1.0" encoding="UTF-8" ?>
<!DOCTYPE mapper PUBLIC "-//mybatis.org//DTD Mapper 3.0//EN" "http://mybatis.org/dtd/mybatis-3-mapper.dtd" >
<mapper namespace="com.risk.plan.dao.TrsportationMapper" >
  <resultMap id="BaseResultMap" type="com.risk.plan.entity.Trsportation" >
    <id column="transid" property="transid" jdbcType="VARCHAR" />
    <result column="tranmodelid" property="tranmodelid" jdbcType="VARCHAR" />
    <result column="nodeid" property="nodeid" jdbcType="VARCHAR" />
    <result column="busnumber" property="busnumber" jdbcType="VARCHAR" />
    <result column="transno" property="transno" jdbcType="VARCHAR" />
    <result column="state" property="state" jdbcType="VARCHAR" />
    <result column="note" property="note" jdbcType="VARCHAR" />
  </resultMap>
  <sql id="Base_Column_List" >
    transid, tranmodelid, nodeid, busnumber, transno, state, note
  </sql>
  <select id="selectByPrimaryKey" resultMap="BaseResultMap" parameterType="java.lang.String" >
    select 
    <include refid="Base_Column_List" />
    from trsportation
    where transid = #{transid,jdbcType=VARCHAR}
  </select>
  <delete id="deleteByPrimaryKey" parameterType="java.lang.String" >
    delete from trsportation
    where transid = #{transid,jdbcType=VARCHAR}
  </delete>
  <insert id="insert" parameterType="com.risk.plan.entity.Trsportation" >
    insert into trsportation (transid, tranmodelid, nodeid, 
      busnumber, transno, state, 
      note)
    values (#{transid,jdbcType=VARCHAR}, #{tranmodelid,jdbcType=VARCHAR}, #{nodeid,jdbcType=VARCHAR}, 
      #{busnumber,jdbcType=VARCHAR}, #{transno,jdbcType=VARCHAR}, #{state,jdbcType=VARCHAR}, 
      #{note,jdbcType=VARCHAR})
  </insert>
  <insert id="insertSelective" parameterType="com.risk.plan.entity.Trsportation" >
    insert into trsportation
    <trim prefix="(" suffix=")" suffixOverrides="," >
      <if test="transid != null" >
        transid,
      </if>
      <if test="tranmodelid != null" >
        tranmodelid,
      </if>
      <if test="nodeid != null" >
        nodeid,
      </if>
      <if test="busnumber != null" >
        busnumber,
      </if>
      <if test="transno != null" >
        transno,
      </if>
      <if test="state != null" >
        state,
      </if>
      <if test="note != null" >
        note,
      </if>
    </trim>
    <trim prefix="values (" suffix=")" suffixOverrides="," >
      <if test="transid != null" >
        #{transid,jdbcType=VARCHAR},
      </if>
      <if test="tranmodelid != null" >
        #{tranmodelid,jdbcType=VARCHAR},
      </if>
      <if test="nodeid != null" >
        #{nodeid,jdbcType=VARCHAR},
      </if>
      <if test="busnumber != null" >
        #{busnumber,jdbcType=VARCHAR},
      </if>
      <if test="transno != null" >
        #{transno,jdbcType=VARCHAR},
      </if>
      <if test="state != null" >
        #{state,jdbcType=VARCHAR},
      </if>
      <if test="note != null" >
        #{note,jdbcType=VARCHAR},
      </if>
    </trim>
  </insert>
  <update id="updateByPrimaryKeySelective" parameterType="com.risk.plan.entity.Trsportation" >
    update trsportation
    <set >
      <if test="tranmodelid != null" >
        tranmodelid = #{tranmodelid,jdbcType=VARCHAR},
      </if>
      <if test="nodeid != null" >
        nodeid = #{nodeid,jdbcType=VARCHAR},
      </if>
      <if test="busnumber != null" >
        busnumber = #{busnumber,jdbcType=VARCHAR},
      </if>
      <if test="transno != null" >
        transno = #{transno,jdbcType=VARCHAR},
      </if>
      <if test="state != null" >
        state = #{state,jdbcType=VARCHAR},
      </if>
      <if test="note != null" >
        note = #{note,jdbcType=VARCHAR},
      </if>
    </set>
    where transid = #{transid,jdbcType=VARCHAR}
  </update>
  <update id="updateByPrimaryKey" parameterType="com.risk.plan.entity.Trsportation" >
    update trsportation
    set tranmodelid = #{tranmodelid,jdbcType=VARCHAR},
      nodeid = #{nodeid,jdbcType=VARCHAR},
      busnumber = #{busnumber,jdbcType=VARCHAR},
      transno = #{transno,jdbcType=VARCHAR},
      state = #{state,jdbcType=VARCHAR},
      note = #{note,jdbcType=VARCHAR}
    where transid = #{transid,jdbcType=VARCHAR}
  </update>
  <select id="selectAll" resultMap="BaseResultMap" parameterType="map" >
    select
    <include refid="Base_Column_List" />
    from trsportation
    <if test="sortName != null" >
      order by ${sortName}
      <if test="sortOrder != null" >
        ${sortOrder}
      </if>
    </if>
  </select>
  <select id="findByParams" resultMap="BaseResultMap" parameterType="map" >
    select
    <include refid="Base_Column_List" />
    from trsportation
    <if test="sortName != null" >
      order by ${sortName}
      <if test="sortOrder != null" >
        ${sortOrder}
      </if>
    </if>
    <if test="pageSize != null and startNum != null" >
      limit #{pageSize} offset #{startNum}
    </if>
  </select>
  <select id="findByParamsCount" resultType="int" parameterType="map" >
    select count(*) from trsportation
  </select>
</mapper>