<?xml version="1.0" encoding="UTF-8" ?>
<!DOCTYPE mapper PUBLIC "-//mybatis.org//DTD Mapper 3.0//EN" "http://mybatis.org/dtd/mybatis-3-mapper.dtd" >
<mapper namespace="com.risk.plan.dao.UERelationMapper" >
  <resultMap id="BaseResultMap" type="com.risk.plan.entity.UERelation" >
    <id column="uerelationid" property="uerelationid" jdbcType="VARCHAR" />
    <result column="userid" property="userid" jdbcType="VARCHAR" />
    <result column="emerid" property="emerid" jdbcType="VARCHAR" />
    <result column="state" property="state" jdbcType="CHAR" />
    <result column="note" property="note" jdbcType="VARCHAR" />
  </resultMap>
  <sql id="Base_Column_List" >
    uerelationid, userid, emerid, state, note
  </sql>
  <select id="selectByPrimaryKey" resultMap="BaseResultMap" parameterType="java.lang.String" >
    select 
    <include refid="Base_Column_List" />
    from uerelation
    where uerelationid = #{uerelationid,jdbcType=VARCHAR}
  </select>
  <delete id="deleteByPrimaryKey" parameterType="java.lang.String" >
    delete from uerelation
    where uerelationid = #{uerelationid,jdbcType=VARCHAR}
  </delete>
  <insert id="insert" parameterType="com.risk.plan.entity.UERelation" >
    insert into uerelation (uerelationid, userid, emerid, 
      state, note)
    values (#{uerelationid,jdbcType=VARCHAR}, #{userid,jdbcType=VARCHAR}, #{emerid,jdbcType=VARCHAR}, 
      #{state,jdbcType=CHAR}, #{note,jdbcType=VARCHAR})
  </insert>
  <insert id="insertSelective" parameterType="com.risk.plan.entity.UERelation" >
    insert into uerelation
    <trim prefix="(" suffix=")" suffixOverrides="," >
      <if test="uerelationid != null" >
        uerelationid,
      </if>
      <if test="userid != null" >
        userid,
      </if>
      <if test="emerid != null" >
        emerid,
      </if>
      <if test="state != null" >
        state,
      </if>
      <if test="note != null" >
        note,
      </if>
    </trim>
    <trim prefix="values (" suffix=")" suffixOverrides="," >
      <if test="uerelationid != null" >
        #{uerelationid,jdbcType=VARCHAR},
      </if>
      <if test="userid != null" >
        #{userid,jdbcType=VARCHAR},
      </if>
      <if test="emerid != null" >
        #{emerid,jdbcType=VARCHAR},
      </if>
      <if test="state != null" >
        #{state,jdbcType=CHAR},
      </if>
      <if test="note != null" >
        #{note,jdbcType=VARCHAR},
      </if>
    </trim>
  </insert>
  <update id="updateByPrimaryKeySelective" parameterType="com.risk.plan.entity.UERelation" >
    update uerelation
    <set >
      <if test="userid != null" >
        userid = #{userid,jdbcType=VARCHAR},
      </if>
      <if test="emerid != null" >
        emerid = #{emerid,jdbcType=VARCHAR},
      </if>
      <if test="state != null" >
        state = #{state,jdbcType=CHAR},
      </if>
      <if test="note != null" >
        note = #{note,jdbcType=VARCHAR},
      </if>
    </set>
    where uerelationid = #{uerelationid,jdbcType=VARCHAR}
  </update>
  <update id="updateByPrimaryKey" parameterType="com.risk.plan.entity.UERelation" >
    update uerelation
    set userid = #{userid,jdbcType=VARCHAR},
      emerid = #{emerid,jdbcType=VARCHAR},
      state = #{state,jdbcType=CHAR},
      note = #{note,jdbcType=VARCHAR}
    where uerelationid = #{uerelationid,jdbcType=VARCHAR}
  </update>
  <select id="selectAll" resultMap="BaseResultMap" parameterType="map" >
    select
    <include refid="Base_Column_List" />
    from uerelation
    <if test="sortName != null" >
      order by ${sortName}
      <if test="sortOrder != null" >
        ${sortOrder}
      </if>
    </if>
  </select>
  <select id="findByParams" resultMap="BaseResultMap" parameterType="map" >
    select
    <include refid="Base_Column_List" />
    from uerelation
    <if test="sortName != null" >
      order by ${sortName}
      <if test="sortOrder != null" >
        ${sortOrder}
      </if>
    </if>
    <if test="pageSize != null and startNum != null" >
      limit #{pageSize} offset #{startNum}
    </if>
  </select>
  <select id="findByParamsCount" resultType="int" parameterType="map" >
    select count(*) from uerelation
  </select>
</mapper>