<?xml version="1.0" encoding="UTF-8" ?>
<!DOCTYPE mapper PUBLIC "-//mybatis.org//DTD Mapper 3.0//EN" "http://mybatis.org/dtd/mybatis-3-mapper.dtd" >
<mapper namespace="com.risk.plan.dao.UserRoleMapper" >
  <resultMap id="BaseResultMap" type="com.risk.plan.entity.UserRole" >
    <id column="crid" property="crid" jdbcType="VARCHAR" />
    <result column="roleid" property="roleid" jdbcType="VARCHAR" />
    <result column="userid" property="userid" jdbcType="VARCHAR" />
  </resultMap>
  <sql id="Base_Column_List" >
    crid, roleid, userid
  </sql>
  <select id="selectByPrimaryKey" resultMap="BaseResultMap" parameterType="java.lang.String" >
    select 
    <include refid="Base_Column_List" />
    from userrole
    where crid = #{crid,jdbcType=VARCHAR}
  </select>
  <select id="selectByUserId" resultMap="BaseResultMap"  parameterType="java.lang.String">
 	 select  * from userrole where userid =#{userid,jdbcType=VARCHAR}
  </select>
  <delete id="deleteByPrimaryKey" parameterType="java.lang.String" >
    delete from userrole
    where crid = #{crid,jdbcType=VARCHAR}
  </delete>
  <insert id="insert" parameterType="com.risk.plan.entity.UserRole" >
    insert into userrole (crid, roleid, userid
      )
    values (#{crid,jdbcType=VARCHAR}, #{roleid,jdbcType=VARCHAR}, #{userid,jdbcType=VARCHAR}
      )
  </insert>
  <insert id="insertSelective" parameterType="com.risk.plan.entity.UserRole" >
    insert into userrole
    <trim prefix="(" suffix=")" suffixOverrides="," >
      <if test="crid != null" >
        crid,
      </if>
      <if test="roleid != null" >
        roleid,
      </if>
      <if test="userid != null" >
        userid,
      </if>
    </trim>
    <trim prefix="values (" suffix=")" suffixOverrides="," >
      <if test="crid != null" >
        #{crid,jdbcType=VARCHAR},
      </if>
      <if test="roleid != null" >
        #{roleid,jdbcType=VARCHAR},
      </if>
      <if test="userid != null" >
        #{userid,jdbcType=VARCHAR},
      </if>
    </trim>
  </insert>
  <update id="updateByPrimaryKeySelective" parameterType="com.risk.plan.entity.UserRole" >
    update userrole
    <set >
      <if test="roleid != null" >
        roleid = #{roleid,jdbcType=VARCHAR},
      </if>
      <if test="userid != null" >
        userid = #{userid,jdbcType=VARCHAR},
      </if>
    </set>
    where crid = #{crid,jdbcType=VARCHAR}
  </update>
  <update id="updateByPrimaryKey" parameterType="com.risk.plan.entity.UserRole" >
    update userrole
    set roleid = #{roleid,jdbcType=VARCHAR},
      userid = #{userid,jdbcType=VARCHAR}
    where crid = #{crid,jdbcType=VARCHAR}
  </update>
  <select id="selectAll" resultMap="BaseResultMap" parameterType="map" >
    select
    <include refid="Base_Column_List" />
    from userrole
    <if test="sortName != null" >
      order by ${sortName}
      <if test="sortOrder != null" >
        ${sortOrder}
      </if>
    </if>
  </select>
  <select id="findByParams" resultMap="BaseResultMap" parameterType="map" >
    select
    <include refid="Base_Column_List" />
    from userrole
    <if test="sortName != null" >
      order by ${sortName}
      <if test="sortOrder != null" >
        ${sortOrder}
      </if>
    </if>
    <if test="pageSize != null and startNum != null" >
      limit #{pageSize} offset #{startNum}
    </if>
  </select>
  <select id="findByParamsCount" resultType="int" parameterType="map" >
    select count(*) from userrole
  </select>
</mapper>