<?xml version="1.0" encoding="UTF-8"?>
<beans xmlns="http://www.springframework.org/schema/beans" xmlns:xsi="http://www.w3.org/2001/XMLSchema-instance"
	xsi:schemaLocation="http://www.springframework.org/schema/beans http://www.springframework.org/schema/beans/spring-beans-4.0.xsd"
	default-lazy-init="true">

	<description>Shiro安全配置</description>

	<!-- Shiro's main business-tier object for web-enabled applications -->
	<bean id="securityManager" class="org.apache.shiro.web.mgt.DefaultWebSecurityManager">
		<property name="realm" ref="shiroDbRealm" />
		<property name="cacheManager" ref="shiroEhcacheManager" />
	</bean>

	<!-- 项目自定义的Realm -->
	<bean id="shiroDbRealm" class="org.springside.examples.showcase.service.ShiroDbRealm">
		<property name="accountService" ref="accountService"/>
	</bean>
	
	<!-- Shiro Filter -->
	<bean id="shiroFilter" class="org.apache.shiro.spring.web.ShiroFilterFactoryBean">
		<property name="securityManager" ref="securityManager" />
		<property name="loginUrl" value="/login" />
		<property name="successUrl" value="/home" />
		<property name="filterChainDefinitions">
			<value>
				/login = authc
				/logout = logout
				/account/** = user
				/api/secure/** = authcBasic
			</value>
		</property>
	</bean>

	<!-- 用户授权信息Cache, 采用EhCache -->
	<bean id="shiroEhcacheManager" class="org.apache.shiro.cache.ehcache.EhCacheManager">
		<property name="cacheManagerConfigFile" value="classpath:security/ehcache-shiro.xml"/>
	</bean>
	
	<!-- 保证实现了Shiro内部lifecycle函数的bean执行 -->
	<bean id="lifecycleBeanPostProcessor" class="org.apache.shiro.spring.LifecycleBeanPostProcessor"/>
	
	<!-- AOP式方法级权限检查  -->
	<bean class="org.springframework.aop.framework.autoproxy.DefaultAdvisorAutoProxyCreator" depends-on="lifecycleBeanPostProcessor">
		<property name="proxyTargetClass" value="true" />
	</bean>
	<bean class="org.apache.shiro.spring.security.interceptor.AuthorizationAttributeSourceAdvisor">
    	<property name="securityManager" ref="securityManager"/>
	</bean>
</beans>